"cast_date","cast_month","cast_year","moon","currency","model","data_set","species","estimate","lower_pi","upper_pi","start_moon","end_moon","cast_id","cast_group","confidence_level"
"2021-09-16",7,2021,545,"abundance","jags_RW","controls","BA",0.106,0.069,0.143,217,547,1595,64,0.95
"2021-09-16",8,2021,546,"abundance","jags_RW","controls","BA",0.106,0.069,0.143,217,547,1595,64,0.95
"2021-09-16",9,2021,547,"abundance","jags_RW","controls","BA",0.106,0.069,0.144,217,547,1595,64,0.95
"2021-09-16",10,2021,548,"abundance","jags_RW","controls","BA",0.106,0.067,0.143,217,547,1595,64,0.95
"2021-09-16",11,2021,549,"abundance","jags_RW","controls","BA",0.106,0.067,0.143,217,547,1595,64,0.95
"2021-09-16",12,2021,550,"abundance","jags_RW","controls","BA",0.106,0.068,0.144,217,547,1595,64,0.95
"2021-09-16",1,2022,551,"abundance","jags_RW","controls","BA",0.106,0.068,0.145,217,547,1595,64,0.95
"2021-09-16",2,2022,552,"abundance","jags_RW","controls","BA",0.106,0.067,0.144,217,547,1595,64,0.95
"2021-09-16",3,2022,553,"abundance","jags_RW","controls","BA",0.106,0.067,0.145,217,547,1595,64,0.95
"2021-09-16",4,2022,554,"abundance","jags_RW","controls","BA",0.106,0.067,0.145,217,547,1595,64,0.95
"2021-09-16",4,2022,555,"abundance","jags_RW","controls","BA",0.106,0.067,0.146,217,547,1595,64,0.95
"2021-09-16",5,2022,556,"abundance","jags_RW","controls","BA",0.106,0.067,0.146,217,547,1595,64,0.95
"2021-09-16",6,2022,557,"abundance","jags_RW","controls","BA",0.106,0.066,0.146,217,547,1595,64,0.95
"2021-09-16",7,2022,558,"abundance","jags_RW","controls","BA",0.106,0.064,0.145,217,547,1595,64,0.95
"2021-09-16",8,2022,559,"abundance","jags_RW","controls","BA",0.106,0.065,0.146,217,547,1595,64,0.95
"2021-09-16",7,2021,545,"abundance","jags_RW","controls","DM",5.436,1.61,9.77,217,547,1595,64,0.95
"2021-09-16",8,2021,546,"abundance","jags_RW","controls","DM",9.657,0,33.303,217,547,1595,64,0.95
"2021-09-16",9,2021,547,"abundance","jags_RW","controls","DM",15.404,0,66.53,217,547,1595,64,0.95
"2021-09-16",10,2021,548,"abundance","jags_RW","controls","DM",20.712,0,112.979,217,547,1595,64,0.95
"2021-09-16",11,2021,549,"abundance","jags_RW","controls","DM",24.734,0,159.502,217,547,1595,64,0.95
"2021-09-16",12,2021,550,"abundance","jags_RW","controls","DM",28.47,0,196.9,217,547,1595,64,0.95
"2021-09-16",1,2022,551,"abundance","jags_RW","controls","DM",31.269,0,196.9,217,547,1595,64,0.95
"2021-09-16",2,2022,552,"abundance","jags_RW","controls","DM",33.423,0,196.9,217,547,1595,64,0.95
"2021-09-16",3,2022,553,"abundance","jags_RW","controls","DM",34.877,0,196.9,217,547,1595,64,0.95
"2021-09-16",4,2022,554,"abundance","jags_RW","controls","DM",35.582,0,196.9,217,547,1595,64,0.95
"2021-09-16",4,2022,555,"abundance","jags_RW","controls","DM",36.009,0,196.9,217,547,1595,64,0.95
"2021-09-16",5,2022,556,"abundance","jags_RW","controls","DM",36.411,0,196.9,217,547,1595,64,0.95
"2021-09-16",6,2022,557,"abundance","jags_RW","controls","DM",36.916,0,196.9,217,547,1595,64,0.95
"2021-09-16",7,2022,558,"abundance","jags_RW","controls","DM",36.992,0,196.9,217,547,1595,64,0.95
"2021-09-16",8,2022,559,"abundance","jags_RW","controls","DM",36.995,0,196.9,217,547,1595,64,0.95
"2021-09-16",7,2021,545,"abundance","jags_RW","controls","DO",1.553,0.214,3.242,217,547,1595,64,0.95
"2021-09-16",8,2021,546,"abundance","jags_RW","controls","DO",1.924,0,5.386,217,547,1595,64,0.95
"2021-09-16",9,2021,547,"abundance","jags_RW","controls","DO",2.375,0,7.862,217,547,1595,64,0.95
"2021-09-16",10,2021,548,"abundance","jags_RW","controls","DO",2.924,0,10.414,217,547,1595,64,0.95
"2021-09-16",11,2021,549,"abundance","jags_RW","controls","DO",3.555,0,13.541,217,547,1595,64,0.95
"2021-09-16",12,2021,550,"abundance","jags_RW","controls","DO",4.302,0,16.639,217,547,1595,64,0.95
"2021-09-16",1,2022,551,"abundance","jags_RW","controls","DO",5.184,0,20.874,217,547,1595,64,0.95
"2021-09-16",2,2022,552,"abundance","jags_RW","controls","DO",5.968,0,25.011,217,547,1595,64,0.95
"2021-09-16",3,2022,553,"abundance","jags_RW","controls","DO",6.954,0,30.115,217,547,1595,64,0.95
"2021-09-16",4,2022,554,"abundance","jags_RW","controls","DO",7.946,0,35.557,217,547,1595,64,0.95
"2021-09-16",4,2022,555,"abundance","jags_RW","controls","DO",8.833,0,40.952,217,547,1595,64,0.95
"2021-09-16",5,2022,556,"abundance","jags_RW","controls","DO",9.895,0,47.63,217,547,1595,64,0.95
"2021-09-16",6,2022,557,"abundance","jags_RW","controls","DO",10.602,0,54.524,217,547,1595,64,0.95
"2021-09-16",7,2022,558,"abundance","jags_RW","controls","DO",11.664,0,62.207,217,547,1595,64,0.95
"2021-09-16",8,2022,559,"abundance","jags_RW","controls","DO",12.569,0,68.374,217,547,1595,64,0.95
"2021-09-16",7,2021,545,"abundance","jags_RW","controls","DS",0.044,0,0.293,217,547,1595,64,0.95
"2021-09-16",8,2021,546,"abundance","jags_RW","controls","DS",0.052,0,0.326,217,547,1595,64,0.95
"2021-09-16",9,2021,547,"abundance","jags_RW","controls","DS",0.063,0,0.355,217,547,1595,64,0.95
"2021-09-16",10,2021,548,"abundance","jags_RW","controls","DS",0.074,0,0.391,217,547,1595,64,0.95
"2021-09-16",11,2021,549,"abundance","jags_RW","controls","DS",0.085,0,0.427,217,547,1595,64,0.95
"2021-09-16",12,2021,550,"abundance","jags_RW","controls","DS",0.101,0,0.455,217,547,1595,64,0.95
"2021-09-16",1,2022,551,"abundance","jags_RW","controls","DS",0.116,0,0.514,217,547,1595,64,0.95
"2021-09-16",2,2022,552,"abundance","jags_RW","controls","DS",0.131,0,0.543,217,547,1595,64,0.95
"2021-09-16",3,2022,553,"abundance","jags_RW","controls","DS",0.149,0,0.602,217,547,1595,64,0.95
"2021-09-16",4,2022,554,"abundance","jags_RW","controls","DS",0.182,0,0.664,217,547,1595,64,0.95
"2021-09-16",4,2022,555,"abundance","jags_RW","controls","DS",0.22,0,0.713,217,547,1595,64,0.95
"2021-09-16",5,2022,556,"abundance","jags_RW","controls","DS",0.236,0,0.779,217,547,1595,64,0.95
"2021-09-16",6,2022,557,"abundance","jags_RW","controls","DS",0.28,0,0.844,217,547,1595,64,0.95
"2021-09-16",7,2022,558,"abundance","jags_RW","controls","DS",0.297,0,0.906,217,547,1595,64,0.95
"2021-09-16",8,2022,559,"abundance","jags_RW","controls","DS",0.339,0,0.996,217,547,1595,64,0.95
"2021-09-16",7,2021,545,"abundance","jags_RW","controls","NA",0.058,0,0.365,217,547,1595,64,0.95
"2021-09-16",8,2021,546,"abundance","jags_RW","controls","NA",0.066,0,0.409,217,547,1595,64,0.95
"2021-09-16",9,2021,547,"abundance","jags_RW","controls","NA",0.075,0,0.45,217,547,1595,64,0.95
"2021-09-16",10,2021,548,"abundance","jags_RW","controls","NA",0.084,0,0.485,217,547,1595,64,0.95
"2021-09-16",11,2021,549,"abundance","jags_RW","controls","NA",0.093,0,0.527,217,547,1595,64,0.95
"2021-09-16",12,2021,550,"abundance","jags_RW","controls","NA",0.103,0,0.567,217,547,1595,64,0.95
"2021-09-16",1,2022,551,"abundance","jags_RW","controls","NA",0.115,0,0.604,217,547,1595,64,0.95
"2021-09-16",2,2022,552,"abundance","jags_RW","controls","NA",0.128,0,0.637,217,547,1595,64,0.95
"2021-09-16",3,2022,553,"abundance","jags_RW","controls","NA",0.142,0,0.672,217,547,1595,64,0.95
"2021-09-16",4,2022,554,"abundance","jags_RW","controls","NA",0.159,0,0.721,217,547,1595,64,0.95
"2021-09-16",4,2022,555,"abundance","jags_RW","controls","NA",0.182,0,0.763,217,547,1595,64,0.95
"2021-09-16",5,2022,556,"abundance","jags_RW","controls","NA",0.212,0,0.818,217,547,1595,64,0.95
"2021-09-16",6,2022,557,"abundance","jags_RW","controls","NA",0.235,0,0.845,217,547,1595,64,0.95
"2021-09-16",7,2022,558,"abundance","jags_RW","controls","NA",0.258,0,0.884,217,547,1595,64,0.95
"2021-09-16",8,2022,559,"abundance","jags_RW","controls","NA",0.283,0,0.985,217,547,1595,64,0.95
"2021-09-16",7,2021,545,"abundance","jags_RW","controls","OL",0.052,0,0.338,217,547,1595,64,0.95
"2021-09-16",8,2021,546,"abundance","jags_RW","controls","OL",0.062,0,0.382,217,547,1595,64,0.95
"2021-09-16",9,2021,547,"abundance","jags_RW","controls","OL",0.073,0,0.424,217,547,1595,64,0.95
"2021-09-16",10,2021,548,"abundance","jags_RW","controls","OL",0.086,0,0.466,217,547,1595,64,0.95
"2021-09-16",11,2021,549,"abundance","jags_RW","controls","OL",0.1,0,0.49,217,547,1595,64,0.95
"2021-09-16",12,2021,550,"abundance","jags_RW","controls","OL",0.115,0,0.549,217,547,1595,64,0.95
"2021-09-16",1,2022,551,"abundance","jags_RW","controls","OL",0.137,0,0.621,217,547,1595,64,0.95
"2021-09-16",2,2022,552,"abundance","jags_RW","controls","OL",0.159,0,0.664,217,547,1595,64,0.95
"2021-09-16",3,2022,553,"abundance","jags_RW","controls","OL",0.178,0,0.729,217,547,1595,64,0.95
"2021-09-16",4,2022,554,"abundance","jags_RW","controls","OL",0.217,0,0.765,217,547,1595,64,0.95
"2021-09-16",4,2022,555,"abundance","jags_RW","controls","OL",0.231,0,0.828,217,547,1595,64,0.95
"2021-09-16",5,2022,556,"abundance","jags_RW","controls","OL",0.262,0,0.907,217,547,1595,64,0.95
"2021-09-16",6,2022,557,"abundance","jags_RW","controls","OL",0.303,0,1.009,217,547,1595,64,0.95
"2021-09-16",7,2022,558,"abundance","jags_RW","controls","OL",0.349,0,1.084,217,547,1595,64,0.95
"2021-09-16",8,2022,559,"abundance","jags_RW","controls","OL",0.408,0,1.156,217,547,1595,64,0.95
"2021-09-16",7,2021,545,"abundance","jags_RW","controls","OT",0.245,0,0.921,217,547,1595,64,0.95
"2021-09-16",8,2021,546,"abundance","jags_RW","controls","OT",0.3,0,1.204,217,547,1595,64,0.95
"2021-09-16",9,2021,547,"abundance","jags_RW","controls","OT",0.359,0,1.527,217,547,1595,64,0.95
"2021-09-16",10,2021,548,"abundance","jags_RW","controls","OT",0.43,0,1.847,217,547,1595,64,0.95
"2021-09-16",11,2021,549,"abundance","jags_RW","controls","OT",0.501,0,2.175,217,547,1595,64,0.95
"2021-09-16",12,2021,550,"abundance","jags_RW","controls","OT",0.59,0,2.592,217,547,1595,64,0.95
"2021-09-16",1,2022,551,"abundance","jags_RW","controls","OT",0.689,0,3.022,217,547,1595,64,0.95
"2021-09-16",2,2022,552,"abundance","jags_RW","controls","OT",0.807,0,3.368,217,547,1595,64,0.95
"2021-09-16",3,2022,553,"abundance","jags_RW","controls","OT",0.945,0,3.841,217,547,1595,64,0.95
"2021-09-16",4,2022,554,"abundance","jags_RW","controls","OT",1.103,0,4.351,217,547,1595,64,0.95
"2021-09-16",4,2022,555,"abundance","jags_RW","controls","OT",1.28,0,4.906,217,547,1595,64,0.95
"2021-09-16",5,2022,556,"abundance","jags_RW","controls","OT",1.468,0,5.526,217,547,1595,64,0.95
"2021-09-16",6,2022,557,"abundance","jags_RW","controls","OT",1.633,0,6.21,217,547,1595,64,0.95
"2021-09-16",7,2022,558,"abundance","jags_RW","controls","OT",1.863,0,6.967,217,547,1595,64,0.95
"2021-09-16",8,2022,559,"abundance","jags_RW","controls","OT",2.067,0,7.627,217,547,1595,64,0.95
"2021-09-16",7,2021,545,"abundance","jags_RW","controls","PB",0.369,0.241,0.493,217,547,1595,64,0.95
"2021-09-16",8,2021,546,"abundance","jags_RW","controls","PB",0.369,0.241,0.494,217,547,1595,64,0.95
"2021-09-16",9,2021,547,"abundance","jags_RW","controls","PB",0.369,0.244,0.498,217,547,1595,64,0.95
"2021-09-16",10,2021,548,"abundance","jags_RW","controls","PB",0.369,0.241,0.495,217,547,1595,64,0.95
"2021-09-16",11,2021,549,"abundance","jags_RW","controls","PB",0.369,0.241,0.495,217,547,1595,64,0.95
"2021-09-16",12,2021,550,"abundance","jags_RW","controls","PB",0.369,0.244,0.5,217,547,1595,64,0.95
"2021-09-16",1,2022,551,"abundance","jags_RW","controls","PB",0.369,0.245,0.501,217,547,1595,64,0.95
"2021-09-16",2,2022,552,"abundance","jags_RW","controls","PB",0.369,0.242,0.499,217,547,1595,64,0.95
"2021-09-16",3,2022,553,"abundance","jags_RW","controls","PB",0.369,0.238,0.497,217,547,1595,64,0.95
"2021-09-16",4,2022,554,"abundance","jags_RW","controls","PB",0.369,0.237,0.496,217,547,1595,64,0.95
"2021-09-16",4,2022,555,"abundance","jags_RW","controls","PB",0.369,0.238,0.498,217,547,1595,64,0.95
"2021-09-16",5,2022,556,"abundance","jags_RW","controls","PB",0.369,0.241,0.502,217,547,1595,64,0.95
"2021-09-16",6,2022,557,"abundance","jags_RW","controls","PB",0.369,0.24,0.502,217,547,1595,64,0.95
"2021-09-16",7,2022,558,"abundance","jags_RW","controls","PB",0.369,0.237,0.5,217,547,1595,64,0.95
"2021-09-16",8,2022,559,"abundance","jags_RW","controls","PB",0.369,0.238,0.501,217,547,1595,64,0.95
"2021-09-16",7,2021,545,"abundance","jags_RW","controls","PE",0.233,0,0.902,217,547,1595,64,0.95
"2021-09-16",8,2021,546,"abundance","jags_RW","controls","PE",0.292,0,1.212,217,547,1595,64,0.95
"2021-09-16",9,2021,547,"abundance","jags_RW","controls","PE",0.359,0,1.486,217,547,1595,64,0.95
"2021-09-16",10,2021,548,"abundance","jags_RW","controls","PE",0.435,0,1.79,217,547,1595,64,0.95
"2021-09-16",11,2021,549,"abundance","jags_RW","controls","PE",0.53,0,2.145,217,547,1595,64,0.95
"2021-09-16",12,2021,550,"abundance","jags_RW","controls","PE",0.663,0,2.588,217,547,1595,64,0.95
"2021-09-16",1,2022,551,"abundance","jags_RW","controls","PE",0.803,0,3.027,217,547,1595,64,0.95
"2021-09-16",2,2022,552,"abundance","jags_RW","controls","PE",0.952,0,3.604,217,547,1595,64,0.95
"2021-09-16",3,2022,553,"abundance","jags_RW","controls","PE",1.144,0,4.129,217,547,1595,64,0.95
"2021-09-16",4,2022,554,"abundance","jags_RW","controls","PE",1.368,0,4.743,217,547,1595,64,0.95
"2021-09-16",4,2022,555,"abundance","jags_RW","controls","PE",1.581,0,5.413,217,547,1595,64,0.95
"2021-09-16",5,2022,556,"abundance","jags_RW","controls","PE",1.811,0,6.494,217,547,1595,64,0.95
"2021-09-16",6,2022,557,"abundance","jags_RW","controls","PE",2.007,0,7.316,217,547,1595,64,0.95
"2021-09-16",7,2022,558,"abundance","jags_RW","controls","PE",2.341,0,8.321,217,547,1595,64,0.95
"2021-09-16",8,2022,559,"abundance","jags_RW","controls","PE",2.595,0,9.014,217,547,1595,64,0.95
"2021-09-16",7,2021,545,"abundance","jags_RW","controls","PF",0.023,0,0.125,217,547,1595,64,0.95
"2021-09-16",8,2021,546,"abundance","jags_RW","controls","PF",0.028,0,0.139,217,547,1595,64,0.95
"2021-09-16",9,2021,547,"abundance","jags_RW","controls","PF",0.035,0,0.161,217,547,1595,64,0.95
"2021-09-16",10,2021,548,"abundance","jags_RW","controls","PF",0.046,0,0.181,217,547,1595,64,0.95
"2021-09-16",11,2021,549,"abundance","jags_RW","controls","PF",0.055,0,0.208,217,547,1595,64,0.95
"2021-09-16",12,2021,550,"abundance","jags_RW","controls","PF",0.065,0,0.232,217,547,1595,64,0.95
"2021-09-16",1,2022,551,"abundance","jags_RW","controls","PF",0.078,0,0.262,217,547,1595,64,0.95
"2021-09-16",2,2022,552,"abundance","jags_RW","controls","PF",0.093,0,0.304,217,547,1595,64,0.95
"2021-09-16",3,2022,553,"abundance","jags_RW","controls","PF",0.115,0,0.339,217,547,1595,64,0.95
"2021-09-16",4,2022,554,"abundance","jags_RW","controls","PF",0.135,0,0.371,217,547,1595,64,0.95
"2021-09-16",4,2022,555,"abundance","jags_RW","controls","PF",0.172,0,0.418,217,547,1595,64,0.95
"2021-09-16",5,2022,556,"abundance","jags_RW","controls","PF",0.2,0,0.474,217,547,1595,64,0.95
"2021-09-16",6,2022,557,"abundance","jags_RW","controls","PF",0.232,0,0.505,217,547,1595,64,0.95
"2021-09-16",7,2022,558,"abundance","jags_RW","controls","PF",0.242,0,0.571,217,547,1595,64,0.95
"2021-09-16",8,2022,559,"abundance","jags_RW","controls","PF",0.283,0,0.607,217,547,1595,64,0.95
"2021-09-16",7,2021,545,"abundance","jags_RW","controls","PL",0.014,0,0.034,217,547,1595,64,0.95
"2021-09-16",8,2021,546,"abundance","jags_RW","controls","PL",0.014,0,0.034,217,547,1595,64,0.95
"2021-09-16",9,2021,547,"abundance","jags_RW","controls","PL",0.014,0,0.034,217,547,1595,64,0.95
"2021-09-16",10,2021,548,"abundance","jags_RW","controls","PL",0.014,0,0.034,217,547,1595,64,0.95
"2021-09-16",11,2021,549,"abundance","jags_RW","controls","PL",0.014,0,0.034,217,547,1595,64,0.95
"2021-09-16",12,2021,550,"abundance","jags_RW","controls","PL",0.014,0,0.035,217,547,1595,64,0.95
"2021-09-16",1,2022,551,"abundance","jags_RW","controls","PL",0.014,0,0.035,217,547,1595,64,0.95
"2021-09-16",2,2022,552,"abundance","jags_RW","controls","PL",0.014,0,0.035,217,547,1595,64,0.95
"2021-09-16",3,2022,553,"abundance","jags_RW","controls","PL",0.014,0,0.035,217,547,1595,64,0.95
"2021-09-16",4,2022,554,"abundance","jags_RW","controls","PL",0.014,0,0.035,217,547,1595,64,0.95
"2021-09-16",4,2022,555,"abundance","jags_RW","controls","PL",0.014,0,0.035,217,547,1595,64,0.95
"2021-09-16",5,2022,556,"abundance","jags_RW","controls","PL",0.014,0,0.035,217,547,1595,64,0.95
"2021-09-16",6,2022,557,"abundance","jags_RW","controls","PL",0.014,0,0.035,217,547,1595,64,0.95
"2021-09-16",7,2022,558,"abundance","jags_RW","controls","PL",0.014,0,0.035,217,547,1595,64,0.95
"2021-09-16",8,2022,559,"abundance","jags_RW","controls","PL",0.014,0,0.035,217,547,1595,64,0.95
"2021-09-16",7,2021,545,"abundance","jags_RW","controls","PM",0.023,0,0.126,217,547,1595,64,0.95
"2021-09-16",8,2021,546,"abundance","jags_RW","controls","PM",0.03,0,0.143,217,547,1595,64,0.95
"2021-09-16",9,2021,547,"abundance","jags_RW","controls","PM",0.037,0,0.162,217,547,1595,64,0.95
"2021-09-16",10,2021,548,"abundance","jags_RW","controls","PM",0.047,0,0.195,217,547,1595,64,0.95
"2021-09-16",11,2021,549,"abundance","jags_RW","controls","PM",0.063,0,0.229,217,547,1595,64,0.95
"2021-09-16",12,2021,550,"abundance","jags_RW","controls","PM",0.074,0,0.246,217,547,1595,64,0.95
"2021-09-16",1,2022,551,"abundance","jags_RW","controls","PM",0.097,0,0.275,217,547,1595,64,0.95
"2021-09-16",2,2022,552,"abundance","jags_RW","controls","PM",0.127,0,0.307,217,547,1595,64,0.95
"2021-09-16",3,2022,553,"abundance","jags_RW","controls","PM",0.17,0,0.344,217,547,1595,64,0.95
"2021-09-16",4,2022,554,"abundance","jags_RW","controls","PM",0.211,0,0.387,217,547,1595,64,0.95
"2021-09-16",4,2022,555,"abundance","jags_RW","controls","PM",0.235,0,0.446,217,547,1595,64,0.95
"2021-09-16",5,2022,556,"abundance","jags_RW","controls","PM",0.254,0,0.508,217,547,1595,64,0.95
"2021-09-16",6,2022,557,"abundance","jags_RW","controls","PM",0.322,0,0.58,217,547,1595,64,0.95
"2021-09-16",7,2022,558,"abundance","jags_RW","controls","PM",0.381,0,0.596,217,547,1595,64,0.95
"2021-09-16",8,2022,559,"abundance","jags_RW","controls","PM",0.437,0,0.66,217,547,1595,64,0.95
"2021-09-16",7,2021,545,"abundance","jags_RW","controls","PP",18.217,10.123,26.255,217,547,1595,64,0.95
"2021-09-16",8,2021,546,"abundance","jags_RW","controls","PP",35.955,0,157.102,217,547,1595,64,0.95
"2021-09-16",9,2021,547,"abundance","jags_RW","controls","PP",46.808,0.741,196.9,217,547,1595,64,0.95
"2021-09-16",10,2021,548,"abundance","jags_RW","controls","PP",52.292,0.324,196.9,217,547,1595,64,0.95
"2021-09-16",11,2021,549,"abundance","jags_RW","controls","PP",54.005,0.137,196.9,217,547,1595,64,0.95
"2021-09-16",12,2021,550,"abundance","jags_RW","controls","PP",53.59,0.042,196.9,217,547,1595,64,0.95
"2021-09-16",1,2022,551,"abundance","jags_RW","controls","PP",53.047,0,196.9,217,547,1595,64,0.95
"2021-09-16",2,2022,552,"abundance","jags_RW","controls","PP",52.476,0,196.9,217,547,1595,64,0.95
"2021-09-16",3,2022,553,"abundance","jags_RW","controls","PP",51.861,0,196.9,217,547,1595,64,0.95
"2021-09-16",4,2022,554,"abundance","jags_RW","controls","PP",51.328,0,196.9,217,547,1595,64,0.95
"2021-09-16",4,2022,555,"abundance","jags_RW","controls","PP",50.155,0,196.9,217,547,1595,64,0.95
"2021-09-16",5,2022,556,"abundance","jags_RW","controls","PP",49.269,0,196.9,217,547,1595,64,0.95
"2021-09-16",6,2022,557,"abundance","jags_RW","controls","PP",47.939,0,196.9,217,547,1595,64,0.95
"2021-09-16",7,2022,558,"abundance","jags_RW","controls","PP",47.285,0,196.9,217,547,1595,64,0.95
"2021-09-16",8,2022,559,"abundance","jags_RW","controls","PP",46.245,0,196.9,217,547,1595,64,0.95
"2021-09-16",7,2021,545,"abundance","jags_RW","controls","RM",0.048,0,0.312,217,547,1595,64,0.95
"2021-09-16",8,2021,546,"abundance","jags_RW","controls","RM",0.089,0,0.423,217,547,1595,64,0.95
"2021-09-16",9,2021,547,"abundance","jags_RW","controls","RM",0.149,0,0.555,217,547,1595,64,0.95
"2021-09-16",10,2021,548,"abundance","jags_RW","controls","RM",0.216,0,0.706,217,547,1595,64,0.95
"2021-09-16",11,2021,549,"abundance","jags_RW","controls","RM",0.36,0,0.921,217,547,1595,64,0.95
"2021-09-16",12,2021,550,"abundance","jags_RW","controls","RM",0.516,0,1.141,217,547,1595,64,0.95
"2021-09-16",1,2022,551,"abundance","jags_RW","controls","RM",0.725,0,1.37,217,547,1595,64,0.95
"2021-09-16",2,2022,552,"abundance","jags_RW","controls","RM",0.943,0,1.631,217,547,1595,64,0.95
"2021-09-16",3,2022,553,"abundance","jags_RW","controls","RM",1.178,0,2.036,217,547,1595,64,0.95
"2021-09-16",4,2022,554,"abundance","jags_RW","controls","RM",1.319,0,2.401,217,547,1595,64,0.95
"2021-09-16",4,2022,555,"abundance","jags_RW","controls","RM",1.563,0,2.668,217,547,1595,64,0.95
"2021-09-16",5,2022,556,"abundance","jags_RW","controls","RM",1.814,0,3.253,217,547,1595,64,0.95
"2021-09-16",6,2022,557,"abundance","jags_RW","controls","RM",2.207,0,3.866,217,547,1595,64,0.95
"2021-09-16",7,2022,558,"abundance","jags_RW","controls","RM",2.369,0,4.604,217,547,1595,64,0.95
"2021-09-16",8,2022,559,"abundance","jags_RW","controls","RM",2.651,0,4.904,217,547,1595,64,0.95
"2021-09-16",7,2021,545,"abundance","jags_RW","controls","RO",0.039,0.015,0.058,217,547,1595,64,0.95
"2021-09-16",8,2021,546,"abundance","jags_RW","controls","RO",0.039,0.014,0.058,217,547,1595,64,0.95
"2021-09-16",9,2021,547,"abundance","jags_RW","controls","RO",0.039,0.015,0.059,217,547,1595,64,0.95
"2021-09-16",10,2021,548,"abundance","jags_RW","controls","RO",0.039,0.014,0.059,217,547,1595,64,0.95
"2021-09-16",11,2021,549,"abundance","jags_RW","controls","RO",0.039,0.015,0.059,217,547,1595,64,0.95
"2021-09-16",12,2021,550,"abundance","jags_RW","controls","RO",0.039,0.014,0.059,217,547,1595,64,0.95
"2021-09-16",1,2022,551,"abundance","jags_RW","controls","RO",0.039,0.014,0.059,217,547,1595,64,0.95
"2021-09-16",2,2022,552,"abundance","jags_RW","controls","RO",0.039,0.014,0.06,217,547,1595,64,0.95
"2021-09-16",3,2022,553,"abundance","jags_RW","controls","RO",0.04,0.014,0.059,217,547,1595,64,0.95
"2021-09-16",4,2022,554,"abundance","jags_RW","controls","RO",0.039,0.014,0.06,217,547,1595,64,0.95
"2021-09-16",4,2022,555,"abundance","jags_RW","controls","RO",0.04,0.014,0.061,217,547,1595,64,0.95
"2021-09-16",5,2022,556,"abundance","jags_RW","controls","RO",0.04,0.014,0.06,217,547,1595,64,0.95
"2021-09-16",6,2022,557,"abundance","jags_RW","controls","RO",0.04,0.013,0.061,217,547,1595,64,0.95
"2021-09-16",7,2022,558,"abundance","jags_RW","controls","RO",0.04,0.014,0.061,217,547,1595,64,0.95
"2021-09-16",8,2022,559,"abundance","jags_RW","controls","RO",0.04,0.013,0.061,217,547,1595,64,0.95
"2021-09-16",7,2021,545,"abundance","jags_RW","controls","SF",0.051,0,0.328,217,547,1595,64,0.95
"2021-09-16",8,2021,546,"abundance","jags_RW","controls","SF",0.071,0,0.4,217,547,1595,64,0.95
"2021-09-16",9,2021,547,"abundance","jags_RW","controls","SF",0.1,0,0.47,217,547,1595,64,0.95
"2021-09-16",10,2021,548,"abundance","jags_RW","controls","SF",0.139,0,0.57,217,547,1595,64,0.95
"2021-09-16",11,2021,549,"abundance","jags_RW","controls","SF",0.184,0,0.663,217,547,1595,64,0.95
"2021-09-16",12,2021,550,"abundance","jags_RW","controls","SF",0.256,0,0.8,217,547,1595,64,0.95
"2021-09-16",1,2022,551,"abundance","jags_RW","controls","SF",0.319,0,0.891,217,547,1595,64,0.95
"2021-09-16",2,2022,552,"abundance","jags_RW","controls","SF",0.37,0,1.051,217,547,1595,64,0.95
"2021-09-16",3,2022,553,"abundance","jags_RW","controls","SF",0.472,0,1.181,217,547,1595,64,0.95
"2021-09-16",4,2022,554,"abundance","jags_RW","controls","SF",0.604,0,1.343,217,547,1595,64,0.95
"2021-09-16",4,2022,555,"abundance","jags_RW","controls","SF",0.704,0,1.554,217,547,1595,64,0.95
"2021-09-16",5,2022,556,"abundance","jags_RW","controls","SF",0.798,0,1.763,217,547,1595,64,0.95
"2021-09-16",6,2022,557,"abundance","jags_RW","controls","SF",0.952,0,1.897,217,547,1595,64,0.95
"2021-09-16",7,2022,558,"abundance","jags_RW","controls","SF",1.033,0,2.14,217,547,1595,64,0.95
"2021-09-16",8,2022,559,"abundance","jags_RW","controls","SF",1.197,0,2.359,217,547,1595,64,0.95
"2021-09-16",7,2021,545,"abundance","jags_RW","controls","SH",0.039,0,0.256,217,547,1595,64,0.95
"2021-09-16",8,2021,546,"abundance","jags_RW","controls","SH",0.066,0,0.34,217,547,1595,64,0.95
"2021-09-16",9,2021,547,"abundance","jags_RW","controls","SH",0.105,0,0.428,217,547,1595,64,0.95
"2021-09-16",10,2021,548,"abundance","jags_RW","controls","SH",0.166,0,0.54,217,547,1595,64,0.95
"2021-09-16",11,2021,549,"abundance","jags_RW","controls","SH",0.25,0,0.669,217,547,1595,64,0.95
"2021-09-16",12,2021,550,"abundance","jags_RW","controls","SH",0.363,0,0.79,217,547,1595,64,0.95
"2021-09-16",1,2022,551,"abundance","jags_RW","controls","SH",0.468,0,0.971,217,547,1595,64,0.95
"2021-09-16",2,2022,552,"abundance","jags_RW","controls","SH",0.68,0,1.134,217,547,1595,64,0.95
"2021-09-16",3,2022,553,"abundance","jags_RW","controls","SH",0.833,0,1.258,217,547,1595,64,0.95
"2021-09-16",4,2022,554,"abundance","jags_RW","controls","SH",1.05,0,1.504,217,547,1595,64,0.95
"2021-09-16",4,2022,555,"abundance","jags_RW","controls","SH",1.241,0,1.739,217,547,1595,64,0.95
"2021-09-16",5,2022,556,"abundance","jags_RW","controls","SH",1.339,0,2.003,217,547,1595,64,0.95
"2021-09-16",6,2022,557,"abundance","jags_RW","controls","SH",1.463,0,2.293,217,547,1595,64,0.95
"2021-09-16",7,2022,558,"abundance","jags_RW","controls","SH",1.62,0,2.746,217,547,1595,64,0.95
"2021-09-16",8,2022,559,"abundance","jags_RW","controls","SH",1.791,0,3.136,217,547,1595,64,0.95
"2021-09-16",7,2021,545,"abundance","jags_RW","controls","total",29.256,18.913,39.758,217,547,1595,64,0.95
"2021-09-16",8,2021,546,"abundance","jags_RW","controls","total",54.543,2.731,196.9,217,547,1595,64,0.95
"2021-09-16",9,2021,547,"abundance","jags_RW","controls","total",62.686,0.95,196.9,217,547,1595,64,0.95
"2021-09-16",10,2021,548,"abundance","jags_RW","controls","total",63.968,0.398,196.9,217,547,1595,64,0.95
"2021-09-16",11,2021,549,"abundance","jags_RW","controls","total",63.318,0.172,196.9,217,547,1595,64,0.95
"2021-09-16",12,2021,550,"abundance","jags_RW","controls","total",61.543,0.047,196.9,217,547,1595,64,0.95
"2021-09-16",1,2022,551,"abundance","jags_RW","controls","total",60.394,0,196.9,217,547,1595,64,0.95
"2021-09-16",2,2022,552,"abundance","jags_RW","controls","total",58.281,0,196.9,217,547,1595,64,0.95
"2021-09-16",3,2022,553,"abundance","jags_RW","controls","total",56.588,0,196.9,217,547,1595,64,0.95
"2021-09-16",4,2022,554,"abundance","jags_RW","controls","total",54.183,0,196.9,217,547,1595,64,0.95
"2021-09-16",4,2022,555,"abundance","jags_RW","controls","total",52.41,0,196.9,217,547,1595,64,0.95
"2021-09-16",5,2022,556,"abundance","jags_RW","controls","total",50.78,0,196.9,217,547,1595,64,0.95
"2021-09-16",6,2022,557,"abundance","jags_RW","controls","total",49.44,0,196.9,217,547,1595,64,0.95
"2021-09-16",7,2022,558,"abundance","jags_RW","controls","total",48.135,0,196.9,217,547,1595,64,0.95
"2021-09-16",8,2022,559,"abundance","jags_RW","controls","total",47.319,0,196.9,217,547,1595,64,0.95
